Insurer,Link,1st Time Stamp,,2nd Time Stamp,,3rd Time Stamp,,4th Time Stamp,,5th Time Stamp,,6th Time Stamp,,7th Time Stamp,,8th Time Stamp,,9th Time Stamp,,FRT (First Response Time) (in Hrs),"FRT less than 1 day
(10)","FRT >1 Day <3 days
(5)","FRT more than 3 days
(-10)",Points,Marks,Score Methodology
,,Customer,Insurer,Customer,Insurer,Customer,Insurer,Customer,Insurer,Customer,Insurer,Customer,Insurer,Customer,Insurer,Customer,Insurer,Customer,Insurer,,,,,,,
HDFC ERGO General Insurance Company Limited,https://x.com/Piyushbond7/status/2045807251538207061,19/04/2026 10:10,19/04/2026 10:16,19/04/2026 13:33,19/04/2026 12:16,NA,19/04/2026 13:38,NA,27/04/2026 17:38,NA,NA,NA,NA,NA,NA,NA,NA,NA,NA,0.0981,TRUE,FALSE,FALSE,10,,"FRT < 1 day : 10
FRT = 1 to 3 days : 5
FRT > 3 days : -10"
HDFC ERGO General Insurance Company Limited,https://x.com/iamSR1610/status/2047618210837795120,24/04/2026 10:06,24/04/2026 10:10,24/04/2026 12:23,24/04/2026 12:10,NA,24/04/2026 12:46,NA,NA,NA,NA,NA,NA,NA,NA,NA,NA,NA,NA,0.0639,TRUE,FALSE,FALSE,10,,"FRT < 1 day : 10
FRT = 1 to 3 days : 5
FRT > 3 days : -10"
HDFC ERGO General Insurance Company Limited,https://x.com/Shilpayadav325/status/2039943983141675247,03/04/2026 05:52,03/04/2026 06:12,NA,13/04/2026 18:44,NA,NA,NA,NA,NA,NA,NA,NA,NA,NA,NA,NA,NA,NA,0.3372,TRUE,FALSE,FALSE,10,,"FRT < 1 day : 10
FRT = 1 to 3 days : 5
FRT > 3 days : -10"
HDFC ERGO General Insurance Company Limited,https://x.com/Keshav291189/status/2040646745093497115,05/04/2026 04:24,05/04/2026 04:26,05/04/2026 06:42,06/04/2026 02:38,05/04/2026 19:35,16/04/2026 17:50,06/04/2026 10:57,NA,07/04/2026 15:14,NA,NA,NA,NA,NA,NA,NA,NA,NA,0.0336,TRUE,FALSE,FALSE,10,,"FRT < 1 day : 10
FRT = 1 to 3 days : 5
FRT > 3 days : -10"
HDFC ERGO General Insurance Company Limited,https://x.com/rahulkp5/status/2042117131513516464,09/04/2026 05:47,09/04/2026 06:14,09/04/2026 06:39,09/04/2026 07:03,NA,NA,NA,NA,NA,NA,NA,NA,NA,NA,NA,NA,NA,NA,0.4447,TRUE,FALSE,FALSE,10,,"FRT < 1 day : 10
FRT = 1 to 3 days : 5
FRT > 3 days : -10"
HDFC ERGO General Insurance Company Limited,https://x.com/dassum_/status/2041542820939669590,07/04/2026 15:45,07/04/2026 15:50,NA,NA,NA,NA,NA,NA,NA,NA,NA,NA,NA,NA,NA,NA,NA,NA,0.0869,TRUE,FALSE,FALSE,10,,"FRT < 1 day : 10
FRT = 1 to 3 days : 5
FRT > 3 days : -10"
HDFC ERGO General Insurance Company Limited,https://x.com/manasie/status/2045104871624581354,17/04/2026 11:39,17/04/2026 12:14,NA,18/04/2026 14:49,NA,NA,NA,NA,NA,NA,NA,NA,NA,NA,NA,NA,NA,NA,0.5889,TRUE,FALSE,FALSE,10,,"FRT < 1 day : 10
FRT = 1 to 3 days : 5
FRT > 3 days : -10"
HDFC ERGO General Insurance Company Limited,https://x.com/VikramJ255687/status/2045459352652579048,18/04/2026 11:08,18/04/2026 11:21,NA,NA,NA,NA,NA,NA,NA,NA,NA,NA,NA,NA,NA,NA,NA,NA,0.2306,TRUE,FALSE,FALSE,10,,"FRT < 1 day : 10
FRT = 1 to 3 days : 5
FRT > 3 days : -10"
HDFC ERGO General Insurance Company Limited,https://x.com/RohitYadavX/status/2044973410531553343,17/04/2026 02:57,NA,NA,NA,NA,NA,NA,NA,NA,NA,NA,NA,NA,NA,NA,NA,NA,NA,NA,FALSE,FALSE,FALSE,,,"FRT < 1 day : 10
FRT = 1 to 3 days : 5
FRT > 3 days : -10"
HDFC ERGO General Insurance Company Limited,https://x.com/PreethamB20/status/2041016098938880025,06/04/2026 04:52,06/04/2026 05:02,NA,07/04/2026 17:53,NA,NA,NA,NA,NA,NA,NA,NA,NA,NA,NA,NA,NA,NA,0.1636,TRUE,FALSE,FALSE,10,,"FRT < 1 day : 10
FRT = 1 to 3 days : 5
FRT > 3 days : -10"
HDFC ERGO General Insurance Company Limited,https://x.com/dhruvarya09/status/2041858371981340983,08/04/2026 12:39,08/04/2026 12:43,08/04/2026 12:40,NA,NA,NA,NA,NA,NA,NA,NA,NA,NA,NA,NA,NA,NA,NA,0.0708,TRUE,FALSE,FALSE,10,,"FRT < 1 day : 10
FRT = 1 to 3 days : 5
FRT > 3 days : -10"
HDFC ERGO General Insurance Company Limited,https://x.com/RajuThatipalli/status/2041932062794580244,08/04/2026 17:31,08/04/2026 17:34,NA,NA,NA,NA,NA,NA,NA,NA,NA,NA,NA,NA,NA,NA,NA,NA,0.0433,TRUE,FALSE,FALSE,10,,"FRT < 1 day : 10
FRT = 1 to 3 days : 5
FRT > 3 days : -10"
HDFC ERGO General Insurance Company Limited,https://x.com/gogiavaibhav/status/2049383958606229835,29/04/2026 07:03,29/04/2026 07:13,NA,29/04/2026 09:13,NA,29/04/2026 11:13,NA,NA,NA,NA,NA,NA,NA,NA,NA,NA,NA,NA,0.1794,TRUE,FALSE,FALSE,10,,"FRT < 1 day : 10
FRT = 1 to 3 days : 5
FRT > 3 days : -10"
HDFC ERGO General Insurance Company Limited,https://x.com/ShivamK05642640/status/2044305090241278072,15/04/2026 06:41,NA,NA,NA,NA,NA,NA,NA,NA,NA,NA,NA,NA,NA,NA,NA,NA,NA,NA,FALSE,FALSE,FALSE,,,"FRT < 1 day : 10
FRT = 1 to 3 days : 5
FRT > 3 days : -10"
HDFC ERGO General Insurance Company Limited,https://x.com/AChaudhary_9/status/2045010813891838048,17/04/2026 05:25,17/04/2026 05:29,NA,NA,NA,NA,NA,NA,NA,NA,NA,NA,NA,NA,NA,NA,NA,NA,0.0692,TRUE,FALSE,FALSE,10,,"FRT < 1 day : 10
FRT = 1 to 3 days : 5
FRT > 3 days : -10"
HDFC ERGO General Insurance Company Limited,https://x.com/Anirban729/status/2046872982325493867,22/04/2026 08:45,22/04/2026 10:39,NA,22/04/2026 17:54,NA,NA,NA,NA,NA,NA,NA,NA,NA,NA,NA,NA,NA,NA,1.9,TRUE,FALSE,FALSE,10,,"FRT < 1 day : 10
FRT = 1 to 3 days : 5
FRT > 3 days : -10"
HDFC ERGO General Insurance Company Limited,https://x.com/RjayDogra/status/2046160269076824484,20/04/2026 09:33,20/04/2026 10:36,NA,20/04/2026 12:36,NA,20/04/2026 14:36,NA,22/04/2026 17:59,NA,NA,NA,NA,NA,NA,NA,NA,NA,NA,1.0472,TRUE,FALSE,FALSE,10,,"FRT < 1 day : 10
FRT = 1 to 3 days : 5
FRT > 3 days : -10"
HDFC ERGO General Insurance Company Limited,https://x.com/avashesh_shukla/status/2048814592097386658,27/04/2026 17:20,30/04/2026 03:34,08/05/2026 07:39,05/05/2026 02:43,NA,08/05/2026 07:34,NA,10/05/2026 11:40,NA,NA,NA,NA,NA,NA,NA,NA,NA,NA,58.2353,FALSE,TRUE,FALSE,5,,"FRT < 1 day : 10
FRT = 1 to 3 days : 5
FRT > 3 days : -10"
HDFC ERGO General Insurance Company Limited,https://x.com/shikhar456/status/2047696162279592153,24/04/2026 15:16,24/04/2026 15:19,NA,24/04/2026 17:19,NA,24/04/2026 19:19,NA,NA,NA,NA,NA,NA,NA,NA,NA,NA,NA,NA,0.0467,TRUE,FALSE,FALSE,10,,"FRT < 1 day : 10
FRT = 1 to 3 days : 5
FRT > 3 days : -10"
HDFC ERGO General Insurance Company Limited,https://x.com/NarsingiSa85534/status/2044771477317468376,16/04/2026 13:34,NA,NA,NA,NA,NA,NA,NA,NA,NA,NA,NA,NA,NA,NA,NA,NA,NA,NA,FALSE,FALSE,FALSE,,,"FRT < 1 day : 10
FRT = 1 to 3 days : 5
FRT > 3 days : -10"
HDFC ERGO General Insurance Company Limited,https://x.com/DevadkarGanesh/status/2042325773525402025,09/04/2026 19:36,10/04/2026 02:32,10/04/2026 04:11,15/04/2026 12:55,NA,NA,NA,NA,NA,NA,NA,NA,NA,NA,NA,NA,NA,NA,6.9308,TRUE,FALSE,FALSE,10,,"FRT < 1 day : 10
FRT = 1 to 3 days : 5
FRT > 3 days : -10"
HDFC ERGO General Insurance Company Limited,https://x.com/nidhi_puri/status/2044824198170976360,16/04/2026 17:04,NA,NA,NA,NA,NA,NA,NA,NA,NA,NA,NA,NA,NA,NA,NA,NA,NA,NA,FALSE,FALSE,FALSE,,,"FRT < 1 day : 10
FRT = 1 to 3 days : 5
FRT > 3 days : -10"
HDFC ERGO General Insurance Company Limited,https://x.com/himanshuca212/status/2047204974233600433,23/04/2026 06:44,23/04/2026 07:58,23/04/2026 06:47,23/04/2026 09:58,NA,NA,NA,NA,NA,NA,NA,NA,NA,NA,NA,NA,NA,NA,1.2256,TRUE,FALSE,FALSE,10,,"FRT < 1 day : 10
FRT = 1 to 3 days : 5
FRT > 3 days : -10"
HDFC ERGO General Insurance Company Limited,https://x.com/manasasayshi/status/2041113967389790651,06/04/2026 11:21,06/04/2026 11:23,06/04/2026 12:10,07/04/2026 01:07,NA,NA,NA,NA,NA,NA,NA,NA,NA,NA,NA,NA,NA,NA,0.0372,TRUE,FALSE,FALSE,10,,"FRT < 1 day : 10
FRT = 1 to 3 days : 5
FRT > 3 days : -10"
HDFC ERGO General Insurance Company Limited,https://x.com/33874/status/2040051055443288122,03/04/2026 12:57,03/04/2026 13:04,NA,10/04/2026 10:13,NA,NA,NA,NA,NA,NA,NA,NA,NA,NA,NA,NA,NA,NA,0.1253,TRUE,FALSE,FALSE,10,,"FRT < 1 day : 10
FRT = 1 to 3 days : 5
FRT > 3 days : -10"
HDFC ERGO General Insurance Company Limited,https://x.com/hiren281086/status/2044708378258346486,16/04/2026 09:24,NA,16/04/2026 09:36,NA,NA,NA,NA,NA,NA,NA,NA,NA,NA,NA,NA,NA,NA,NA,NA,FALSE,FALSE,FALSE,,,"FRT < 1 day : 10
FRT = 1 to 3 days : 5
FRT > 3 days : -10"
HDFC ERGO General Insurance Company Limited,https://x.com/rajanyadav325/status/2043327614891483380,12/04/2026 13:57,13/04/2026 18:45,NA,14/04/2026 04:04,NA,NA,NA,NA,NA,NA,NA,NA,NA,NA,NA,NA,NA,NA,28.7981,FALSE,TRUE,FALSE,5,,"FRT < 1 day : 10
FRT = 1 to 3 days : 5
FRT > 3 days : -10"
HDFC ERGO General Insurance Company Limited,https://x.com/mohitofmid/status/2044417169342312643,15/04/2026 14:06,NA,NA,NA,NA,NA,NA,NA,NA,NA,NA,NA,NA,NA,NA,NA,NA,NA,NA,FALSE,FALSE,FALSE,,,"FRT < 1 day : 10
FRT = 1 to 3 days : 5
FRT > 3 days : -10"
HDFC ERGO General Insurance Company Limited,https://x.com/imrahul_neela/status/2046527923814072502,21/04/2026 09:54,21/04/2026 10:29,21/04/2026 11:28,NA,21/04/2026 11:33,NA,NA,NA,NA,NA,NA,NA,NA,NA,NA,NA,NA,NA,0.5872,TRUE,FALSE,FALSE,10,,"FRT < 1 day : 10
FRT = 1 to 3 days : 5
FRT > 3 days : -10"
HDFC ERGO General Insurance Company Limited,https://x.com/SmitKoli0323/status/2042933613436768527,11/04/2026 11:51,11/04/2026 14:43,NA,NA,NA,NA,NA,NA,NA,NA,NA,NA,NA,NA,NA,NA,NA,NA,2.8656,TRUE,FALSE,FALSE,10,,"FRT < 1 day : 10
FRT = 1 to 3 days : 5
FRT > 3 days : -10"
HDFC ERGO General Insurance Company Limited,https://x.com/AYUSHPATNI94760/status/2041818948199682401,08/04/2026 10:02,08/04/2026 10:08,NA,NA,NA,NA,NA,NA,NA,NA,NA,NA,NA,NA,NA,NA,NA,NA,0.105,TRUE,FALSE,FALSE,10,,"FRT < 1 day : 10
FRT = 1 to 3 days : 5
FRT > 3 days : -10"
HDFC ERGO General Insurance Company Limited,https://x.com/mangeshpatil000/status/2042490686646468641,10/04/2026 06:31,NA,NA,NA,NA,NA,NA,NA,NA,NA,NA,NA,NA,NA,NA,NA,NA,NA,NA,FALSE,FALSE,FALSE,,,"FRT < 1 day : 10
FRT = 1 to 3 days : 5
FRT > 3 days : -10"
HDFC ERGO General Insurance Company Limited,https://x.com/Thesiddhant20/status/2047991103253823673,25/04/2026 10:48,NA,NA,NA,NA,NA,NA,NA,NA,NA,NA,NA,NA,NA,NA,NA,NA,NA,NA,FALSE,FALSE,FALSE,,,"FRT < 1 day : 10
FRT = 1 to 3 days : 5
FRT > 3 days : -10"
HDFC ERGO General Insurance Company Limited,https://x.com/eskay_b/status/2045386259200405628,18/04/2026 06:17,18/04/2026 13:01,18/04/2026 16:49,NA,18/04/2026 16:52,NA,NA,NA,NA,NA,NA,NA,NA,NA,NA,NA,NA,NA,6.7275,TRUE,FALSE,FALSE,10,,"FRT < 1 day : 10
FRT = 1 to 3 days : 5
FRT > 3 days : -10"
HDFC ERGO General Insurance Company Limited,https://x.com/kumarrajendry/status/2042959104701010088,11/04/2026 13:33,11/04/2026 15:44,15/04/2026 07:11,16/04/2026 16:49,NA,NA,NA,NA,NA,NA,NA,NA,NA,NA,NA,NA,NA,NA,2.1842,TRUE,FALSE,FALSE,10,,"FRT < 1 day : 10
FRT = 1 to 3 days : 5
FRT > 3 days : -10"
HDFC ERGO General Insurance Company Limited,https://x.com/EquitySaral/status/2046200880819744785,20/04/2026 12:14,20/04/2026 12:35,NA,20/04/2026 14:35,NA,20/04/2026 16:35,NA,NA,NA,NA,NA,NA,NA,NA,NA,NA,NA,NA,0.3431,TRUE,FALSE,FALSE,10,,"FRT < 1 day : 10
FRT = 1 to 3 days : 5
FRT > 3 days : -10"
HDFC ERGO General Insurance Company Limited,https://x.com/siddhus212/status/2042615659096682814,10/04/2026 14:48,10/04/2026 15:01,11/04/2026 04:30,11/04/2026 02:24,11/04/2026 05:50,14/04/2026 12:42,11/04/2026 09:37,NA,11/04/2026 14:59,NA,11/04/2026 17:57,NA,NA,NA,NA,NA,NA,NA,0.2233,TRUE,FALSE,FALSE,10,,"FRT < 1 day : 10
FRT = 1 to 3 days : 5
FRT > 3 days : -10"
HDFC ERGO General Insurance Company Limited,https://x.com/nitpawar/status/2044373020010328186,15/04/2026 11:11,NA,NA,NA,NA,NA,NA,NA,NA,NA,NA,NA,NA,NA,NA,NA,NA,NA,NA,FALSE,FALSE,FALSE,,,"FRT < 1 day : 10
FRT = 1 to 3 days : 5
FRT > 3 days : -10"
HDFC ERGO General Insurance Company Limited,https://x.com/madhus1025/status/2043219537739591907,12/04/2026 06:47,12/04/2026 10:51,12/04/2026 17:36,NA,13/04/2026 07:58,NA,13/04/2026 11:19,NA,NA,NA,NA,NA,NA,NA,NA,NA,NA,NA,4.0644,TRUE,FALSE,FALSE,10,,"FRT < 1 day : 10
FRT = 1 to 3 days : 5
FRT > 3 days : -10"
HDFC ERGO General Insurance Company Limited,https://x.com/santoshkummi/status/2047621166442131518,24/04/2026 10:18,24/04/2026 10:21,NA,NA,NA,NA,NA,NA,NA,NA,NA,NA,NA,NA,NA,NA,NA,NA,0.0583,TRUE,FALSE,FALSE,10,,"FRT < 1 day : 10
FRT = 1 to 3 days : 5
FRT > 3 days : -10"
HDFC ERGO General Insurance Company Limited,https://x.com/ks23cool/status/2039982513100402823,03/04/2026 08:25,03/04/2026 08:28,03/04/2026 10:00,03/04/2026 10:18,04/04/2026 07:36,09/04/2026 18:17,NA,NA,NA,NA,NA,NA,NA,NA,NA,NA,NA,NA,0.0594,TRUE,FALSE,FALSE,10,,"FRT < 1 day : 10
FRT = 1 to 3 days : 5
FRT > 3 days : -10"
HDFC ERGO General Insurance Company Limited,https://x.com/ash1praj2/status/2041559492312416542,07/04/2026 16:51,08/04/2026 13:31,NA,NA,NA,NA,NA,NA,NA,NA,NA,NA,NA,NA,NA,NA,NA,NA,20.6703,TRUE,FALSE,FALSE,10,,"FRT < 1 day : 10
FRT = 1 to 3 days : 5
FRT > 3 days : -10"
HDFC ERGO General Insurance Company Limited,https://x.com/Manoj23_07/status/2044918355988258947,16/04/2026 23:18,17/04/2026 03:07,17/04/2026 04:41,17/04/2026 04:48,17/04/2026 08:50,NA,NA,NA,NA,NA,NA,NA,NA,NA,NA,NA,NA,NA,3.8111,TRUE,FALSE,FALSE,10,,"FRT < 1 day : 10
FRT = 1 to 3 days : 5
FRT > 3 days : -10"
HDFC ERGO General Insurance Company Limited,https://x.com/TmjIndra/status/2039399739137921197,01/04/2026 17:49,01/04/2026 17:53,01/04/2026 23:03,01/04/2026 21:16,03/04/2026 13:00,03/04/2026 13:23,NA,NA,NA,NA,NA,NA,NA,NA,NA,NA,NA,NA,0.0619,TRUE,FALSE,FALSE,10,,"FRT < 1 day : 10
FRT = 1 to 3 days : 5
FRT > 3 days : -10"
HDFC ERGO General Insurance Company Limited,https://x.com/SrikanthBhandar/status/2046871735736447242,22/04/2026 08:40,22/04/2026 09:44,NA,NA,NA,NA,NA,NA,NA,NA,NA,NA,NA,NA,NA,NA,NA,NA,1.0656,TRUE,FALSE,FALSE,10,,"FRT < 1 day : 10
FRT = 1 to 3 days : 5
FRT > 3 days : -10"
HDFC ERGO General Insurance Company Limited,https://x.com/balajis98877311/status/2041820523773227393,08/04/2026 10:08,08/04/2026 10:32,NA,08/04/2026 12:48,NA,10/04/2026 07:08,NA,10/04/2026 12:02,NA,10/04/2026 16:16,NA,12/04/2026 03:18,NA,NA,NA,NA,NA,NA,0.3953,TRUE,FALSE,FALSE,10,,"FRT < 1 day : 10
FRT = 1 to 3 days : 5
FRT > 3 days : -10"
HDFC ERGO General Insurance Company Limited,https://x.com/piyushg693/status/2042550132680667551,10/04/2026 10:27,10/04/2026 10:29,NA,15/04/2026 12:47,NA,NA,NA,NA,NA,NA,NA,NA,NA,NA,NA,NA,NA,NA,0.0325,TRUE,FALSE,FALSE,10,,"FRT < 1 day : 10
FRT = 1 to 3 days : 5
FRT > 3 days : -10"
HDFC ERGO General Insurance Company Limited,https://x.com/CAAshishGupta86/status/2042522936813428946,10/04/2026 08:39,10/04/2026 08:57,10/04/2026 09:08,10/04/2026 09:47,10/04/2026 09:09,15/04/2026 11:05,NA,NA,NA,NA,NA,NA,NA,NA,NA,NA,NA,NA,0.2889,TRUE,FALSE,FALSE,10,,"FRT < 1 day : 10
FRT = 1 to 3 days : 5
FRT > 3 days : -10"
HDFC ERGO General Insurance Company Limited,https://x.com/pradeepnyr/status/2043339881632723187,12/04/2026 14:46,12/04/2026 14:57,13/04/2026 09:42,NA,NA,NA,NA,NA,NA,NA,NA,NA,NA,NA,NA,NA,NA,NA,0.1822,TRUE,FALSE,FALSE,10,,"FRT < 1 day : 10
FRT = 1 to 3 days : 5
FRT > 3 days : -10"
HDFC ERGO General Insurance Company Limited,https://x.com/manishburrak/status/2043573627438964891,13/04/2026 06:14,13/04/2026 06:40,NA,NA,NA,NA,NA,NA,NA,NA,NA,NA,NA,NA,NA,NA,NA,NA,0.4208,TRUE,FALSE,FALSE,10,,"FRT < 1 day : 10
FRT = 1 to 3 days : 5
FRT > 3 days : -10"
HDFC ERGO General Insurance Company Limited,https://x.com/luckylaxa/status/2045490923946324457,18/04/2026 13:13,18/04/2026 14:02,NA,NA,NA,NA,NA,NA,NA,NA,NA,NA,NA,NA,NA,NA,NA,NA,0.8231,TRUE,FALSE,FALSE,10,,"FRT < 1 day : 10
FRT = 1 to 3 days : 5
FRT > 3 days : -10"
HDFC ERGO General Insurance Company Limited,https://x.com/SachinMalu72694/status/2046630901397037408,21/04/2026 16:43,21/04/2026 16:47,NA,21/04/2026 16:56,NA,28/04/2026 13:56,NA,NA,NA,NA,NA,NA,NA,NA,NA,NA,NA,NA,0.0656,TRUE,FALSE,FALSE,10,,"FRT < 1 day : 10
FRT = 1 to 3 days : 5
FRT > 3 days : -10"
HDFC ERGO General Insurance Company Limited,https://x.com/abhijain1977/status/2048762843659723114,27/04/2026 13:55,27/04/2026 14:03,27/04/2026 14:56,27/04/2026 17:02,27/04/2026 17:22,27/04/2026 17:28,NA,28/04/2026 14:53,NA,NA,NA,NA,NA,NA,NA,NA,NA,NA,0.1492,TRUE,FALSE,FALSE,10,,"FRT < 1 day : 10
FRT = 1 to 3 days : 5
FRT > 3 days : -10"
HDFC ERGO General Insurance Company Limited,https://x.com/ShivamK05642640/status/2044046682451784116,14/04/2026 13:34,NA,NA,NA,NA,NA,NA,NA,NA,NA,NA,NA,NA,NA,NA,NA,NA,NA,NA,FALSE,FALSE,FALSE,,,"FRT < 1 day : 10
FRT = 1 to 3 days : 5
FRT > 3 days : -10"
HDFC ERGO General Insurance Company Limited,https://x.com/ViratWannabe/status/2042860569649402030,11/04/2026 07:01,11/04/2026 07:31,NA,NA,NA,NA,NA,NA,NA,NA,NA,NA,NA,NA,NA,NA,NA,NA,0.4997,TRUE,FALSE,FALSE,10,,"FRT < 1 day : 10
FRT = 1 to 3 days : 5
FRT > 3 days : -10"
HDFC ERGO General Insurance Company Limited,https://x.com/viveksinghania0/status/2047236796069958067,23/04/2026 08:51,23/04/2026 10:27,NA,23/04/2026 12:27,NA,23/04/2026 14:28,NA,NA,NA,NA,NA,NA,NA,NA,NA,NA,NA,NA,1.6069,TRUE,FALSE,FALSE,10,,"FRT < 1 day : 10
FRT = 1 to 3 days : 5
FRT > 3 days : -10"
HDFC ERGO General Insurance Company Limited,https://x.com/UAdsod/status/2041133671894401359,06/04/2026 12:39,06/04/2026 12:42,NA,NA,NA,NA,NA,NA,NA,NA,NA,NA,NA,NA,NA,NA,NA,NA,0.0517,TRUE,FALSE,FALSE,10,,"FRT < 1 day : 10
FRT = 1 to 3 days : 5
FRT > 3 days : -10"
HDFC ERGO General Insurance Company Limited,https://x.com/_SagarMohite/status/2043266187195515171,12/04/2026 09:53,12/04/2026 10:15,12/04/2026 16:34,NA,13/04/2026 06:19,NA,NA,NA,NA,NA,NA,NA,NA,NA,NA,NA,NA,NA,0.3667,TRUE,FALSE,FALSE,10,,"FRT < 1 day : 10
FRT = 1 to 3 days : 5
FRT > 3 days : -10"
HDFC ERGO General Insurance Company Limited,https://x.com/AskNamz/status/2040445900397719992,04/04/2026 15:06,04/04/2026 15:10,04/04/2026 15:09,NA,04/04/2026 16:55,NA,04/04/2026 17:22,NA,04/04/2026 18:01,NA,05/04/2026 01:27,NA,07/04/2026 12:41,NA,NA,NA,NA,NA,0.0689,TRUE,FALSE,FALSE,10,,"FRT < 1 day : 10
FRT = 1 to 3 days : 5
FRT > 3 days : -10"
HDFC ERGO General Insurance Company Limited,https://x.com/ramki_arumugam/status/2046218056779927634,20/04/2026 13:22,NA,NA,NA,NA,NA,NA,NA,NA,NA,NA,NA,NA,NA,NA,NA,NA,NA,NA,FALSE,FALSE,FALSE,,,"FRT < 1 day : 10
FRT = 1 to 3 days : 5
FRT > 3 days : -10"
HDFC ERGO General Insurance Company Limited,https://x.com/AnuragS10207157/status/2048295979439575478,26/04/2026 06:59,26/04/2026 07:11,26/04/2026 07:12,26/04/2026 07:38,NA,NA,NA,NA,NA,NA,NA,NA,NA,NA,NA,NA,NA,NA,0.1978,TRUE,FALSE,FALSE,10,,"FRT < 1 day : 10
FRT = 1 to 3 days : 5
FRT > 3 days : -10"
HDFC ERGO General Insurance Company Limited,https://x.com/SarveshSauravt/status/2041423451777548390,07/04/2026 07:50,NA,NA,NA,NA,NA,NA,NA,NA,NA,NA,NA,NA,NA,NA,NA,NA,NA,NA,FALSE,FALSE,FALSE,,,"FRT < 1 day : 10
FRT = 1 to 3 days : 5
FRT > 3 days : -10"
HDFC ERGO General Insurance Company Limited,https://x.com/murali603/status/2048649370028114262,27/04/2026 06:24,27/04/2026 06:35,27/04/2026 08:52,27/04/2026 08:35,27/04/2026 10:16,27/04/2026 12:19,27/04/2026 10:17,27/04/2026 14:18,27/04/2026 12:17,NA,27/04/2026 16:12,NA,NA,NA,NA,NA,NA,NA,0.1869,TRUE,FALSE,FALSE,10,,"FRT < 1 day : 10
FRT = 1 to 3 days : 5
FRT > 3 days : -10"
HDFC ERGO General Insurance Company Limited,https://x.com/nitpawar/status/2045081135362044360,17/04/2026 10:05,17/04/2026 10:10,17/04/2026 10:28,24/04/2026 17:44,17/04/2026 17:57,NA,NA,NA,NA,NA,NA,NA,NA,NA,NA,NA,NA,NA,0.0811,TRUE,FALSE,FALSE,10,,"FRT < 1 day : 10
FRT = 1 to 3 days : 5
FRT > 3 days : -10"
HDFC ERGO General Insurance Company Limited,https://x.com/GauravDwiv51540/status/2049424321219829995,29/04/2026 09:43,29/04/2026 10:51,NA,NA,NA,NA,NA,NA,NA,NA,NA,NA,NA,NA,NA,NA,NA,NA,1.1394,TRUE,FALSE,FALSE,10,,"FRT < 1 day : 10
FRT = 1 to 3 days : 5
FRT > 3 days : -10"
HDFC ERGO General Insurance Company Limited,https://x.com/RakeshS1168740/status/2045203960366248408,17/04/2026 18:13,17/04/2026 18:15,NA,18/04/2026 05:03,NA,24/04/2026 17:42,NA,NA,NA,NA,NA,NA,NA,NA,NA,NA,NA,NA,0.0411,TRUE,FALSE,FALSE,10,,"FRT < 1 day : 10
FRT = 1 to 3 days : 5
FRT > 3 days : -10"
HDFC ERGO General Insurance Company Limited,https://x.com/ChhitijBajpai/status/2046859854766334460,22/04/2026 07:53,NA,NA,NA,NA,NA,NA,NA,NA,NA,NA,NA,NA,NA,NA,NA,NA,NA,NA,FALSE,FALSE,FALSE,,,"FRT < 1 day : 10
FRT = 1 to 3 days : 5
FRT > 3 days : -10"
HDFC ERGO General Insurance Company Limited,https://x.com/asureshkr/status/2049090156783931661,28/04/2026 11:35,28/04/2026 11:41,28/04/2026 12:03,NA,11/05/2026 05:00,NA,NA,NA,NA,NA,NA,NA,NA,NA,NA,NA,NA,NA,0.1019,TRUE,FALSE,FALSE,10,,"FRT < 1 day : 10
FRT = 1 to 3 days : 5
FRT > 3 days : -10"
HDFC ERGO General Insurance Company Limited,https://x.com/kanavsud2005/status/2049359404508807341,29/04/2026 05:25,29/04/2026 05:36,NA,29/04/2026 07:36,NA,29/04/2026 09:36,NA,NA,NA,NA,NA,NA,NA,NA,NA,NA,NA,NA,0.1747,TRUE,FALSE,FALSE,10,,"FRT < 1 day : 10
FRT = 1 to 3 days : 5
FRT > 3 days : -10"
HDFC ERGO General Insurance Company Limited,https://x.com/nikhiljondy/status/2049396563789987926,29/04/2026 07:53,29/04/2026 08:31,30/04/2026 12:48,29/04/2026 10:31,30/04/2026 12:50,29/04/2026 12:31,NA,NA,NA,NA,NA,NA,NA,NA,NA,NA,NA,NA,0.6408,TRUE,FALSE,FALSE,10,,"FRT < 1 day : 10
FRT = 1 to 3 days : 5
FRT > 3 days : -10"
HDFC ERGO General Insurance Company Limited,https://x.com/SarveshSauravt/status/2044750228168044712,16/04/2026 12:10,NA,NA,NA,NA,NA,NA,NA,NA,NA,NA,NA,NA,NA,NA,NA,NA,NA,NA,FALSE,FALSE,FALSE,,,"FRT < 1 day : 10
FRT = 1 to 3 days : 5
FRT > 3 days : -10"
HDFC ERGO General Insurance Company Limited,https://x.com/Ankitdugar30/status/2048649008512741715,27/04/2026 06:22,27/04/2026 06:26,27/04/2026 07:41,27/04/2026 07:57,27/04/2026 08:53,27/04/2026 09:57,27/04/2026 11:40,27/04/2026 11:43,28/04/2026 06:17,28/04/2026 06:59,28/04/2026 13:31,29/04/2026 18:25,29/04/2026 04:04,NA,30/04/2026 05:27,NA,NA,NA,0.0692,TRUE,FALSE,FALSE,10,,"FRT < 1 day : 10
FRT = 1 to 3 days : 5
FRT > 3 days : -10"
HDFC ERGO General Insurance Company Limited,https://x.com/King031995/status/2048301037434585484,26/04/2026 07:19,26/04/2026 07:23,NA,30/04/2026 05:42,NA,04/05/2026 16:15,NA,NA,NA,NA,NA,NA,NA,NA,NA,NA,NA,NA,0.0558,TRUE,FALSE,FALSE,10,,"FRT < 1 day : 10
FRT = 1 to 3 days : 5
FRT > 3 days : -10"
HDFC ERGO General Insurance Company Limited,https://x.com/VajapeyamSriva1/status/2039966566377497087,03/04/2026 07:21,NA,NA,NA,NA,NA,NA,NA,NA,NA,NA,NA,NA,NA,NA,NA,NA,NA,NA,FALSE,FALSE,FALSE,,,"FRT < 1 day : 10
FRT = 1 to 3 days : 5
FRT > 3 days : -10"
HDFC ERGO General Insurance Company Limited,https://x.com/ClaimM43992/status/2044371578667069879,15/04/2026 11:05,NA,NA,NA,NA,NA,NA,NA,NA,NA,NA,NA,NA,NA,NA,NA,NA,NA,NA,FALSE,FALSE,FALSE,,,"FRT < 1 day : 10
FRT = 1 to 3 days : 5
FRT > 3 days : -10"
HDFC ERGO General Insurance Company Limited,https://x.com/BoringGuy3246/status/2042952758102569402,11/04/2026 13:07,NA,11/04/2026 15:50,NA,NA,NA,NA,NA,NA,NA,NA,NA,NA,NA,NA,NA,NA,NA,NA,FALSE,FALSE,FALSE,,,"FRT < 1 day : 10
FRT = 1 to 3 days : 5
FRT > 3 days : -10"
HDFC ERGO General Insurance Company Limited,https://x.com/py12580/status/2044279113792532712,15/04/2026 04:58,15/04/2026 05:29,15/04/2026 05:29,18/04/2026 03:33,15/04/2026 08:01,NA,18/04/2026 05:12,NA,18/04/2026 06:40,NA,NA,NA,NA,NA,NA,NA,NA,NA,0.5275,TRUE,FALSE,FALSE,10,,"FRT < 1 day : 10
FRT = 1 to 3 days : 5
FRT > 3 days : -10"
HDFC ERGO General Insurance Company Limited,https://x.com/Tweetysen1901/status/2044107097923825851,14/04/2026 17:34,14/04/2026 17:39,NA,14/04/2026 19:39,NA,15/04/2026 04:06,NA,NA,NA,NA,NA,NA,NA,NA,NA,NA,NA,NA,0.0756,TRUE,FALSE,FALSE,10,,"FRT < 1 day : 10
FRT = 1 to 3 days : 5
FRT > 3 days : -10"
HDFC ERGO General Insurance Company Limited,https://x.com/manuscrypts/status/2047331479202697481,23/04/2026 15:07,23/04/2026 17:42,24/04/2026 01:03,NA,NA,NA,NA,NA,NA,NA,NA,NA,NA,NA,NA,NA,NA,NA,2.5922,TRUE,FALSE,FALSE,10,,"FRT < 1 day : 10
FRT = 1 to 3 days : 5
FRT > 3 days : -10"
HDFC ERGO General Insurance Company Limited,https://x.com/amithpallavoor1/status/2041441018424553889,07/04/2026 09:00,07/04/2026 09:38,07/04/2026 09:11,NA,07/04/2026 09:13,NA,07/04/2026 09:18,NA,NA,NA,NA,NA,NA,NA,NA,NA,NA,NA,0.6356,TRUE,FALSE,FALSE,10,,"FRT < 1 day : 10
FRT = 1 to 3 days : 5
FRT > 3 days : -10"
HDFC ERGO General Insurance Company Limited,https://x.com/Sidd_Pati/status/2049018482847781196,28/04/2026 06:50,28/04/2026 06:56,28/04/2026 07:19,28/04/2026 10:35,28/04/2026 11:06,28/04/2026 11:10,28/04/2026 16:45,30/04/2026 17:42,NA,NA,NA,NA,NA,NA,NA,NA,NA,NA,0.0981,TRUE,FALSE,FALSE,10,,"FRT < 1 day : 10
FRT = 1 to 3 days : 5
FRT > 3 days : -10"
HDFC ERGO General Insurance Company Limited,https://x.com/NarsingiSa85534/status/2044768431011209385,16/04/2026 13:22,NA,NA,NA,NA,NA,NA,NA,NA,NA,NA,NA,NA,NA,NA,NA,NA,NA,NA,FALSE,FALSE,FALSE,,,"FRT < 1 day : 10
FRT = 1 to 3 days : 5
FRT > 3 days : -10"
HDFC ERGO General Insurance Company Limited,https://x.com/Aadarsh77517771/status/2040410023130734856,04/04/2026 12:43,04/04/2026 12:47,NA,06/04/2026 11:56,NA,NA,NA,NA,NA,NA,NA,NA,NA,NA,NA,NA,NA,NA,0.0625,TRUE,FALSE,FALSE,10,,"FRT < 1 day : 10
FRT = 1 to 3 days : 5
FRT > 3 days : -10"
HDFC ERGO General Insurance Company Limited,https://x.com/santosh_bisht/status/2042811937965379652,11/04/2026 03:48,12/04/2026 03:20,13/04/2026 06:28,13/04/2026 17:18,14/04/2026 03:33,NA,NA,NA,NA,NA,NA,NA,NA,NA,NA,NA,NA,NA,23.53,TRUE,FALSE,FALSE,10,,"FRT < 1 day : 10
FRT = 1 to 3 days : 5
FRT > 3 days : -10"
HDFC ERGO General Insurance Company Limited,https://x.com/INDIASUPERF/status/2049436346142675388,29/04/2026 10:31,29/04/2026 10:39,NA,04/05/2026 16:10,NA,NA,NA,NA,NA,NA,NA,NA,NA,NA,NA,NA,NA,NA,0.1308,TRUE,FALSE,FALSE,10,,"FRT < 1 day : 10
FRT = 1 to 3 days : 5
FRT > 3 days : -10"
HDFC ERGO General Insurance Company Limited,https://x.com/MahendraVyhjo1/status/2048420406676406392,26/04/2026 15:14,26/04/2026 15:28,26/04/2026 15:15,26/04/2026 17:28,26/04/2026 15:16,26/04/2026 19:28,27/04/2026 02:32,27/04/2026 02:37,27/04/2026 02:59,30/04/2026 17:44,NA,NA,NA,NA,NA,NA,NA,NA,0.235,TRUE,FALSE,FALSE,10,,"FRT < 1 day : 10
FRT = 1 to 3 days : 5
FRT > 3 days : -10"
HDFC ERGO General Insurance Company Limited,https://x.com/SKJAHANGIRKSP/status/2043938394766741588,14/04/2026 06:24,14/04/2026 06:27,NA,16/04/2026 17:41,NA,NA,NA,NA,NA,NA,NA,NA,NA,NA,NA,NA,NA,NA,0.0564,TRUE,FALSE,FALSE,10,,"FRT < 1 day : 10
FRT = 1 to 3 days : 5
FRT > 3 days : -10"
